{"baseDistance":6.909999847412109,"cameraHeight":2.5,"followSpeed":3.0,"playerHeight":0.699999988079071,"verticalSpeedDamping":0.5,"zoomFactor":0.6000000238418579}