{"ambient":[0.10000000149011612,0.10000000149011612,0.10000000149011612],"lightColor":[1.0,1.0,1.0],"lightPos":[0.0,5.0,15.0]}